Airline,Court_Action_Rate,ADR_Win_Rate,Cancellation_Rate_2025,Delay_Rate_2025,Settlement_Behavior,Payment_Timeline,Reliability_Score,Notes
British Airways,16%,40%,1.58%,37.33%,Professional voluntary compliance,4-8 weeks,High,"Best major airline for settlements, uses CEDR arbitration"
Jet2.com,18%,N/A,N/A,N/A,Good voluntary compliance,3-6 weeks,High,"Second-best settlement rate, reasonable dispute resolution"
Vueling Airlines,84%,N/A,N/A,N/A,Systematic resistance,16-24 weeks,Very Low,"Worst performer - forces 84% of claims to court"
Ryanair,N/A,29%,0.47%,19.12%,Aggressive legal tactics,12-20 weeks,Low,"Rejoined AviationADR after dispute, low voluntary rate"
easyJet,N/A,39%,N/A,37.33%,Standard rejections initially,8-14 weeks,Medium,"High delay rate, challenges most claims through ADR"
TUI Airways,N/A,14%,N/A,N/A,Very defensive approach,10-18 weeks,Very Low,"Only 7 passengers got compensation in recent ADR quarter"
Lufthansa,N/A,N/A,N/A,N/A,Detailed legal review,8-14 weeks,Medium,"1757 cancellations in 2025, systematic stalling reported"
KLM Royal Dutch Airlines,N/A,N/A,2.04%,N/A,Unknown - needs research,6-12 weeks,Unknown,"Highest absolute cancellations (2760) in Europe 2025"
Air France,N/A,N/A,N/A,N/A,Initial rejection common,10-16 weeks,Medium,"Often cites extraordinary circumstances"
Finnair,N/A,N/A,3.35%,N/A,Unknown - needs research,8-12 weeks,Unknown,"Highest cancellation rate (3.35%) among European carriers"
Turkish Airlines,N/A,N/A,N/A,N/A,Professional review,6-10 weeks,Medium,"Second-highest delay percentage, good compliance when applicable"
Swiss International,N/A,N/A,1.29%,N/A,Unknown - needs research,6-10 weeks,Unknown,"Low cancellation rate, needs settlement behavior data"
SAS Scandinavian Airlines,N/A,40%,N/A,N/A,Professional handling,6-12 weeks,Medium,"Uses CEDR arbitration with BA, 60% passenger win rate"
Norwegian Air,N/A,N/A,N/A,N/A,Improving compliance,8-14 weeks,Medium,"Budget long-haul carrier, compliance improving"
Wizz Air,N/A,N/A,N/A,N/A,Requests extensive documentation,10-16 weeks,Medium,"Uses AviationADR, defensive on borderline cases"
Iberia,N/A,N/A,N/A,N/A,Unknown - needs research,8-12 weeks,Unknown,"Only 12 cancellations in early 2025, needs behavior data"
TAP Air Portugal,N/A,N/A,N/A,37%,Unknown - needs research,10-16 weeks,Unknown,"Worst delay record (37%) in 2025, behavior unknown"
Virgin Atlantic,N/A,N/A,N/A,N/A,Customer-friendly approach,6-10 weeks,Medium,"Generally good reputation, uses AviationADR"
American Airlines,N/A,N/A,N/A,N/A,Policy-driven approach,4-8 weeks,Medium,"US DOT regime - voluntary compensation only"
Delta Air Lines,N/A,N/A,N/A,N/A,Best US voluntary compensation,2-6 weeks,High,"Good customer service recovery, proactive goodwill"
United Airlines,N/A,N/A,N/A,N/A,Strict policy adherence,3-8 weeks,Medium,"Improving after PR incidents, limited flexibility"
Southwest Airlines,N/A,N/A,N/A,N/A,Customer-friendly culture,1-4 weeks,High,"Good reputation for customer recovery, no change fees"
Air Canada,N/A,N/A,N/A,N/A,APPR compliance improving,8-14 weeks,Medium,"Better since enforcement, still challenges extraordinary circumstances"
WestJet,N/A,N/A,N/A,N/A,More customer-friendly than AC,6-10 weeks,Medium,"Generally good APPR compliance"
Emirates,N/A,N/A,N/A,N/A,Professional review process,6-12 weeks,High,"Not in ADR scheme, good compliance when EU261 applies"
Qatar Airways,N/A,N/A,N/A,N/A,Legal compliance focus,8-14 weeks,Medium,"Challenges jurisdiction boundaries, eventual compliance"
Singapore Airlines,N/A,N/A,N/A,N/A,Excellent service recovery,3-8 weeks,Very High,"Rarely disputes valid claims, proactive compensation"
Cathay Pacific,N/A,N/A,N/A,N/A,Professional approach,4-10 weeks,High,"High service standards extend to compensation"
Japan Airlines,N/A,N/A,N/A,N/A,Courteous thorough review,4-8 weeks,Very High,"Japanese service culture, rarely disputes legitimate claims"
ANA All Nippon Airways,N/A,N/A,N/A,N/A,Excellent service recovery,3-7 weeks,Very High,"Proactive compensation, cultural customer focus"
El Al Israel Airlines,N/A,N/A,N/A,N/A,Mixed - depends on jurisdiction,6-14 weeks,Medium,"EU261 when departing EU, Tibi Law domestically"
Turkish Airlines,N/A,N/A,N/A,N/A,Professional when applicable,8-12 weeks,Medium,"Good service, jurisdiction-dependent compliance"
Alitalia,N/A,N/A,N/A,N/A,Historical compliance issues,12-20 weeks,Low,"Now ITA Airways, historical payment delays"
ITA Airways,N/A,N/A,N/A,N/A,New airline - limited data,6-12 weeks,Unknown,"Only 1 cancellation in 2025, too new for settlement patterns"
